id;titulo
fa41c84d-d124-4f27-8aac-f402f3679bf8;front leap
d00b3c7c-bb86-40e4-8692-ced1db0767c6;speedboat
677807ca-4661-4baa-99b1-d2488c72dc98;competent worth searchingly
53626f3d-fb79-44b3-bd75-70cfd896e27a;unless bungalow
6aa2d355-834b-442e-b1f3-7176a2278b82;moan unless gloomy
808e9d53-4970-4ca6-8067-3e6d610f8449;frizzy gadzooks
4ab07f61-6dab-44ab-88d5-c3c4e76e5e7e;freely
4a247987-2d84-4357-91d3-c658454d5a28;traditionalism keen fake
b46d158c-f65b-44a1-92d0-dcd937dd83c5;badly screw whose
b4baac52-270f-4520-b4d0-678dc649b888;that
