id;nome;login;email;created_at;updated_at;deleted_at
1;throughout;vocalize;Triston.Shields@yahoo.com;2024-05-29T08:50:48;2024-05-28T22:47:57;2024-05-28T18:27:43
2;during;sparse advertisement frankly;Rosie55@yahoo.com;2024-05-28T23:10:38;2024-05-29T03:34:08;2024-05-28T18:02:33
3;goad;office nor landmine;Isaiah_Hickle@hotmail.com;2024-05-29T11:28:45;2024-05-28T15:53:00;2024-05-28T21:51:48
4;upon researcher;yippee;Mercedes.Torphy66@gmail.com;2024-05-29T07:09:13;2024-05-28T21:54:54;2024-05-29T07:21:26
5;hmph gosh;modulo infiltration;Laverne.Towne@gmail.com;2024-05-29T06:17:48;2024-05-28T19:28:00;2024-05-28T19:11:33
6;undertake;ah;Emilie23@hotmail.com;2024-05-29T01:54:57;2024-05-29T03:54:30;2024-05-29T05:05:58
7;condense;freedom;Hazle.Lebsack74@yahoo.com;2024-05-28T23:18:59;2024-05-29T11:28:57;2024-05-28T19:40:06
8;quirkily impressive petty;short;Ayla28@gmail.com;2024-05-29T07:19:46;2024-05-28T14:54:49;2024-05-29T03:14:33
9;irritably whether;into;Ora91@hotmail.com;2024-05-28T15:27:22;2024-05-29T01:26:56;2024-05-29T07:18:48
10;what unsung stupendous;normal;Marcelle33@hotmail.com;2024-05-29T00:17:19;2024-05-28T22:30:06;2024-05-29T01:28:55
